<?xml version="1.0"?>
<doc>
    <assembly>
        <name>Bunifu.UI.WinForms.1.5.3</name>
    </assembly>
    <members>
        <member name="F:Bunifu.Framework.Bunifu1530.components">
            <summary>
            Required designer variable.
            </summary>
        </member>
        <member name="M:Bunifu.Framework.Bunifu1530.Dispose(System.Boolean)">
            <summary> 
            Clean up any resources being used.
            </summary>
            <param name="disposing">true if managed resources should be disposed; otherwise, false.</param>
        </member>
        <member name="M:Bunifu.Framework.Bunifu1530.InitializeComponent">
            <summary>
            Required method for Designer support - do not modify
            the contents of this method with the code editor.
            </summary>
        </member>
        <member name="P:Bunifu.Framework.UI.BunifuColorTransition.ProgessValue">
            <summary>
            Gets the progess value.
            </summary>
            <value>
            The progess value.
            </value>
        </member>
        <member name="P:Bunifu.Framework.UI.BunifuColorTransition.Color1">
            <summary>
            Gets or sets the color1.
            </summary>
            <value>
            The color1.
            </value>
        </member>
        <member name="P:Bunifu.Framework.UI.BunifuColorTransition.Color2">
            <summary>
            Gets or sets the color2.
            </summary>
            <value>
            The color2.
            </value>
        </member>
        <member name="E:Bunifu.Framework.UI.BunifuColorTransition.OnValueChange">
            <summary>
            Occurs when [on value change].
            </summary>
        </member>
        <member name="F:Bunifu.Framework.UI.BunifuColorTransition.components">
            <summary>
            Required designer variable.
            </summary>
        </member>
        <member name="M:Bunifu.Framework.UI.BunifuColorTransition.Dispose(System.Boolean)">
            <summary> 
            Clean up any resources being used.
            </summary>
            <param name="disposing">true if managed resources should be disposed; otherwise, false.</param>
        </member>
        <member name="M:Bunifu.Framework.UI.BunifuColorTransition.InitializeComponent">
            <summary>
            Required method for Designer support - do not modify
            the contents of this method with the code editor.
            </summary>
        </member>
        <member name="F:Bunifu.Framework.UI.BunifuElipse.components">
            <summary>
            Required designer variable.
            </summary>
        </member>
        <member name="M:Bunifu.Framework.UI.BunifuElipse.Dispose(System.Boolean)">
            <summary> 
            Clean up any resources being used.
            </summary>
            <param name="disposing">true if managed resources should be disposed; otherwise, false.</param>
        </member>
        <member name="M:Bunifu.Framework.UI.BunifuElipse.InitializeComponent">
            <summary>
            Required method for Designer support - do not modify
            the contents of this method with the code editor.
            </summary>
        </member>
        <member name="T:Bunifu.Framework.UI.BunifuGradientPanel">
            <summary>
            Create stylish gradient panels with extendable color customization options.
            </summary>
        </member>
        <member name="M:Bunifu.Framework.UI.BunifuGradientPanel.#ctor">
            <summary>
            Creates a new <see cref="T:Bunifu.Framework.UI.BunifuGradientPanel"/> control.
            </summary>
        </member>
        <member name="P:Bunifu.Framework.UI.BunifuGradientPanel.GradientTopLeft">
            <summary>
            Gets or sets the top-left gradient color.
            </summary>
        </member>
        <member name="P:Bunifu.Framework.UI.BunifuGradientPanel.GradientTopRight">
            <summary>
            Gets or sets the top-right gradient color.
            </summary>
        </member>
        <member name="P:Bunifu.Framework.UI.BunifuGradientPanel.GradientBottomLeft">
            <summary>
            Gets or sets the bottom-left gradient color.
            </summary>
        </member>
        <member name="P:Bunifu.Framework.UI.BunifuGradientPanel.GradientBottomRight">
            <summary>
            Gets or sets the bottom-right gradient color.
            </summary>
        </member>
        <member name="P:Bunifu.Framework.UI.BunifuGradientPanel.Quality">
            <summary>
            [Deprecated] Gets or sets the gradient's quality.
            </summary>
        </member>
        <member name="P:Bunifu.Framework.UI.BunifuGradientPanel.BackColor">
            <summary>
            Gets or sets the control's background color.
            </summary>
        </member>
        <member name="M:Bunifu.Framework.UI.BunifuGradientPanel.Refresh">
            <summary>
            Forces the control to invalidate its client area and 
            immediately redraw itself and any child controls.
            </summary>
        </member>
        <member name="F:Bunifu.Framework.UI.BunifuGradientPanel.components">
            <summary> 
            Required designer variable.
            </summary>
        </member>
        <member name="M:Bunifu.Framework.UI.BunifuGradientPanel.Dispose(System.Boolean)">
            <summary> 
            Clean up any resources being used.
            </summary>
            <param name="disposing">true if managed resources should be disposed; otherwise, false.</param>
        </member>
        <member name="M:Bunifu.Framework.UI.BunifuGradientPanel.InitializeComponent">
            <summary> 
            Required method for Designer support - do not modify 
            the contents of this method with the code editor.
            </summary>
        </member>
        <member name="P:Bunifu.Framework.UI.BunifuHTTP_Utils.Value">
            <summary>
            Gets the value.
            </summary>
            <value>
            The value.
            </value>
        </member>
        <member name="P:Bunifu.Framework.UI.BunifuHTTP_Utils.LastError">
            <summary>
            Gets the last error.
            </summary>
            <value>
            The last error.
            </value>
        </member>
        <member name="P:Bunifu.Framework.UI.BunifuHTTP_Utils.JobName">
            <summary>
            Gets the name of the job.
            </summary>
            <value>
            The name of the job.
            </value>
        </member>
        <member name="P:Bunifu.Framework.UI.BunifuHTTP_Utils.Url">
            <summary>
            Gets or sets the URL.
            </summary>
            <value>
            The URL.
            </value>
        </member>
        <member name="M:Bunifu.Framework.UI.BunifuHTTP_Utils.PostString">
            <summary>
            Posts the string.
            </summary>
            <exception cref="T:System.Exception">Http Job already running.</exception>
        </member>
        <member name="M:Bunifu.Framework.UI.BunifuHTTP_Utils.PostString(System.String)">
            <summary>
            Posts the string.
            </summary>
            <param name="Data">The data.</param>
        </member>
        <member name="M:Bunifu.Framework.UI.BunifuHTTP_Utils.PostString(System.Collections.Generic.Dictionary{System.String,System.String})">
            <summary>
            Posts the string.
            </summary>
            <param name="Data">The data.</param>
            <exception cref="T:System.Exception">Http Job already running.</exception>
        </member>
        <member name="M:Bunifu.Framework.UI.BunifuHTTP_Utils.PostString(System.String,System.String)">
            <summary>
            Posts the string.
            </summary>
            <param name="Data">The data.</param>
            <param name="jobname">The jobname.</param>
            
        </member>
        <member name="M:Bunifu.Framework.UI.BunifuHTTP_Utils.PostString(System.String,System.String,System.String)">
            <summary>
            Posts the string.
            </summary>
            <param name="Data">The data.</param>
            <param name="jobname">The jobname.</param>
            <param name="url">The URL.</param>
        </member>
        <member name="M:Bunifu.Framework.UI.BunifuHTTP_Utils.AbortJob">
            <summary>
            Aborts the job.
            </summary>
        </member>
        <member name="P:Bunifu.Framework.UI.BunifuHTTP_Utils.IsBusy">
            <summary>
            Gets a value indicating whether this instance is busy.
            </summary>
            <value>
              <c>true</c> if this instance is busy; otherwise, <c>false</c>.
            </value>
        </member>
        <member name="E:Bunifu.Framework.UI.BunifuHTTP_Utils.OnJobDone">
            <summary>
            Occurs when [on job done].
            </summary>
        </member>
        <member name="E:Bunifu.Framework.UI.BunifuHTTP_Utils.OnError">
            <summary>
            Occurs when [on error].
            </summary>
        </member>
        <member name="E:Bunifu.Framework.UI.BunifuHTTP_Utils.onAborted">
            <summary>
            Occurs when [on aborted].
            </summary>
        </member>
        <member name="E:Bunifu.Framework.UI.BunifuHTTP_Utils.onFileDownloadComplete">
            <summary>
            Occurs when [on file download complete].
            </summary>
        </member>
        <member name="E:Bunifu.Framework.UI.BunifuHTTP_Utils.onFileDownloadFail">
            <summary>
            Occurs when [on file download fail].
            </summary>
        </member>
        <member name="E:Bunifu.Framework.UI.BunifuHTTP_Utils.onBusyStateChanged">
            <summary>
            Occurs when [on busy state changed].
            </summary>
        </member>
        <member name="E:Bunifu.Framework.UI.BunifuHTTP_Utils.OnDownloadProgressChanged">
            <summary>
            Occurs when [on download progress changed].
            </summary>
        </member>
        <member name="F:Bunifu.Framework.UI.BunifuHTTP_Utils.components">
            <summary>
            Required designer variable.
            </summary>
        </member>
        <member name="M:Bunifu.Framework.UI.BunifuHTTP_Utils.Dispose(System.Boolean)">
            <summary> 
            Clean up any resources being used.
            </summary>
            <param name="disposing">true if managed resources should be disposed; otherwise, false.</param>
        </member>
        <member name="M:Bunifu.Framework.UI.BunifuHTTP_Utils.InitializeComponent">
            <summary>
            Required method for Designer support - do not modify
            the contents of this method with the code editor.
            </summary>
        </member>
        <member name="P:Bunifu.Framework.UI.BunifuImageButton.Zoom">
            <summary>
            Gets or sets the zoom.
            </summary>
            <value>
            The zoom.
            </value>
        </member>
        <member name="P:Bunifu.Framework.UI.BunifuImageButton.ImageActive">
            <summary>
            Gets or sets the image active.
            </summary>
            <value>
            The image active.
            </value>
        </member>
        <member name="F:Bunifu.Framework.UI.BunifuImageButton.components">
            <summary> 
            Required designer variable.
            </summary>
        </member>
        <member name="M:Bunifu.Framework.UI.BunifuImageButton.Dispose(System.Boolean)">
            <summary> 
            Clean up any resources being used.
            </summary>
            <param name="disposing">true if managed resources should be disposed; otherwise, false.</param>
        </member>
        <member name="M:Bunifu.Framework.UI.BunifuImageButton.InitializeComponent">
            <summary> 
            Required method for Designer support - do not modify 
            the contents of this method with the code editor.
            </summary>
        </member>
        <member name="F:Bunifu.Framework.UI.BunifuWebClient.components">
            <summary>
            Required designer variable.
            </summary>
        </member>
        <member name="M:Bunifu.Framework.UI.BunifuWebClient.Dispose(System.Boolean)">
            <summary> 
            Clean up any resources being used.
            </summary>
            <param name="disposing">true if managed resources should be disposed; otherwise, false.</param>
        </member>
        <member name="M:Bunifu.Framework.UI.BunifuWebClient.InitializeComponent">
            <summary>
            Required method for Designer support - do not modify
            the contents of this method with the code editor.
            </summary>
        </member>
        <member name="F:Bunifu.Framework.UI.BunifuFormFadeTransition.components">
            <summary>
            Required designer variable.
            </summary>
        </member>
        <member name="M:Bunifu.Framework.UI.BunifuFormFadeTransition.Dispose(System.Boolean)">
            <summary> 
            Clean up any resources being used.
            </summary>
            <param name="disposing">true if managed resources should be disposed; otherwise, false.</param>
        </member>
        <member name="M:Bunifu.Framework.UI.BunifuFormFadeTransition.InitializeComponent">
            <summary>
            Required method for Designer support - do not modify
            the contents of this method with the code editor.
            </summary>
        </member>
        <member name="T:Bunifu.Framework.UI.BunifuCards">
            <summary>
            Add customizable visual cards to your applications
            </summary>
        </member>
        <member name="M:Bunifu.Framework.UI.BunifuCards.#ctor">
            <summary>
            Initializes a new instance of <see cref="T:Bunifu.Framework.UI.BunifuCards"/>.
            </summary>
        </member>
        <member name="P:Bunifu.Framework.UI.BunifuCards.RightShadow">
            <summary>
            Gets or sets a value indicating whether 
            the right shadow will be shown.
            </summary>
        </member>
        <member name="P:Bunifu.Framework.UI.BunifuCards.LeftShadow">
            <summary>
            Gets or sets a value indicating whether 
            the left shadow will be shown.
            </summary>
        </member>
        <member name="P:Bunifu.Framework.UI.BunifuCards.BottomShadow">
            <summary>
            Gets or sets a value indicating whether 
            the bottom shadow will be shown.
            </summary>
        </member>
        <member name="P:Bunifu.Framework.UI.BunifuCards.BorderRadius">
            <summary>
            Gets or sets the border radius.
            </summary>
            <value>
            The border radius.
            </value>
        </member>
        <member name="P:Bunifu.Framework.UI.BunifuCards.ShadowDepth">
            <summary>
            Gets or sets the shadow depth.
            </summary>
        </member>
        <member name="P:Bunifu.Framework.UI.BunifuCards.IndicatorColor">
            <summary>
            Gets or sets the card indicator color.
            </summary>
        </member>
        <member name="P:Bunifu.Framework.UI.BunifuCards.RightSahddow">
            <summary>
            Gets or sets a value indicating whether 
            the right shadow will be shown.
            </summary>
        </member>
        <member name="P:Bunifu.Framework.UI.BunifuCards.LeftSahddow">
            <summary>
            Gets or sets a value indicating whether 
            the left shadow will be shown.
            </summary>
        </member>
        <member name="P:Bunifu.Framework.UI.BunifuCards.BottomSahddow">
            <summary>
            Gets or sets a value indicating whether 
            the bottom shadow will be shown.
            </summary>
        </member>
        <member name="P:Bunifu.Framework.UI.BunifuCards.color">
            <summary>
            Gets or sets the card color.
            </summary>
        </member>
        <member name="F:Bunifu.Framework.UI.BunifuCards.components">
            <summary> 
            Required designer variable.
            </summary>
        </member>
        <member name="M:Bunifu.Framework.UI.BunifuCards.Dispose(System.Boolean)">
            <summary> 
            Clean up any resources being used.
            </summary>
            <param name="disposing">true if managed resources should be disposed; otherwise, false.</param>
        </member>
        <member name="M:Bunifu.Framework.UI.BunifuCards.InitializeComponent">
            <summary> 
            Required method for Designer support - do not modify 
            the contents of this method with the code editor.
            </summary>
        </member>
        <member name="E:Bunifu.Framework.UI.BunifuCheckbox.OnChange">
            <summary>
            Occurs when [on change].
            </summary>
        </member>
        <member name="P:Bunifu.Framework.UI.BunifuCheckbox.CheckedOnColor">
            <summary>
            Gets or sets the color of the checked on.
            </summary>
            <value>
            The color of the checked on.
            </value>
        </member>
        <member name="P:Bunifu.Framework.UI.BunifuCheckbox.ChechedOffColor">
            <summary>
            Gets or sets the color of the cheched off.
            </summary>
            <value>
            The color of the cheched off.
            </value>
        </member>
        <member name="P:Bunifu.Framework.UI.BunifuCheckbox.Checked">
            <summary>
            Gets or sets a value indicating whether this <see cref="T:Bunifu.Framework.UI.BunifuCheckbox"/> is checked.
            </summary>
            <value>
              <c>true</c> if checked; otherwise, <c>false</c>.
            </value>
        </member>
        <member name="F:Bunifu.Framework.UI.BunifuCheckbox.components">
            <summary> 
            Required designer variable.
            </summary>
        </member>
        <member name="M:Bunifu.Framework.UI.BunifuCheckbox.Dispose(System.Boolean)">
            <summary> 
            Clean up any resources being used.
            </summary>
            <param name="disposing">true if managed resources should be disposed; otherwise, false.</param>
        </member>
        <member name="M:Bunifu.Framework.UI.BunifuCheckbox.InitializeComponent">
            <summary> 
            Required method for Designer support - do not modify 
            the contents of this method with the code editor.
            </summary>
        </member>
        <member name="P:Bunifu.Framework.UI.BunifuCircleProgressbar.GetPassentage">
            <summary>
            Gets the get passentage.
            </summary>
            <value>
            The get passentage.
            </value>
        </member>
        <member name="P:Bunifu.Framework.UI.BunifuCircleProgressbar.ProgressColor">
            <summary>
            Gets or sets the color of the progress.
            </summary>
            <value>
            The color of the progress.
            </value>
        </member>
        <member name="P:Bunifu.Framework.UI.BunifuCircleProgressbar.LabelVisible">
            <summary>
            Gets or sets the back color of the progress 
            </summary>
            <value>
            The color of the progress back.
            </value>
            
        </member>
        <member name="P:Bunifu.Framework.UI.BunifuCircleProgressbar.Value">
            <summary>
            Gets or sets the value.
            </summary>
            <value>
            The value.
            </value>
        </member>
        <member name="P:Bunifu.Framework.UI.BunifuCircleProgressbar.MaxValue">
            <summary>
            Gets or sets the maximum value.
            </summary>
            <value>
            The maximum value.
            </value>
        </member>
        <member name="E:Bunifu.Framework.UI.BunifuCircleProgressbar.ProgressChanged">
            <summary>
            Occurs when [progress changed].
            </summary>
        </member>
        <member name="F:Bunifu.Framework.UI.BunifuCircleProgressbar.components">
            <summary> 
            Required designer variable.
            </summary>
        </member>
        <member name="M:Bunifu.Framework.UI.BunifuCircleProgressbar.Dispose(System.Boolean)">
            <summary> 
            Clean up any resources being used.
            </summary>
            <param name="disposing">true if managed resources should be disposed; otherwise, false.</param>
        </member>
        <member name="M:Bunifu.Framework.UI.BunifuCircleProgressbar.InitializeComponent">
            <summary> 
            Required method for Designer support - do not modify 
            the contents of this method with the code editor.
            </summary>
        </member>
        <member name="P:Bunifu.Framework.UI.BunifuCustomDataGrid.DoubleBuffered">
            <summary>
            Gets or sets a value indicating whether this control should redraw its surface using a secondary buffer to reduce or prevent flicker.
            </summary>
        </member>
        <member name="P:Bunifu.Framework.UI.BunifuCustomDataGrid.HeaderBgColor">
            <summary>
            Gets or sets the color of the header.
            </summary>
            <value>
            The color of the header.
            </value>
        </member>
        <member name="F:Bunifu.Framework.UI.BunifuCustomDataGrid.components">
            <summary> 
            Required designer variable.
            </summary>
        </member>
        <member name="M:Bunifu.Framework.UI.BunifuCustomDataGrid.Dispose(System.Boolean)">
            <summary> 
            Clean up any resources being used.
            </summary>
            <param name="disposing">true if managed resources should be disposed; otherwise, false.</param>
        </member>
        <member name="M:Bunifu.Framework.UI.BunifuCustomDataGrid.InitializeComponent">
            <summary> 
            Required method for Designer support - do not modify 
            the contents of this method with the code editor.
            </summary>
        </member>
        <member name="E:Bunifu.Framework.UI.BunifuDatepicker.onValueChanged">
            <summary>
            Occurs when [on value changed].
            </summary>
        </member>
        <member name="P:Bunifu.Framework.UI.BunifuDatepicker.BorderRadius">
            <summary>
            Gets or sets the border radius.
            </summary>
            <value>
            The border radius.
            </value>
        </member>
        <member name="P:Bunifu.Framework.UI.BunifuDatepicker.Format">
            <summary>
            Gets or sets the callendar setting.
            </summary>
            <value>
            The callendar setting.
            </value>
        </member>
        <member name="P:Bunifu.Framework.UI.BunifuDatepicker.FormatCustom">
            <summary>
            Gets or sets the format when custom.
            </summary>
            <value>
            The format custom.
            </value>
        </member>
        <member name="F:Bunifu.Framework.UI.BunifuDatepicker.components">
            <summary> 
            Required designer variable.
            </summary>
        </member>
        <member name="M:Bunifu.Framework.UI.BunifuDatepicker.Dispose(System.Boolean)">
            <summary> 
            Clean up any resources being used.
            </summary>
            <param name="disposing">true if managed resources should be disposed; otherwise, false.</param>
        </member>
        <member name="M:Bunifu.Framework.UI.BunifuDatepicker.InitializeComponent">
            <summary> 
            Required method for Designer support - do not modify 
            the contents of this method with the code editor.
            </summary>
        </member>
        <member name="F:Bunifu.Framework.UI.BunifuDragControl.components">
            <summary>
            Required designer variable.
            </summary>
        </member>
        <member name="M:Bunifu.Framework.UI.BunifuDragControl.Dispose(System.Boolean)">
            <summary> 
            Clean up any resources being used.
            </summary>
            <param name="disposing">true if managed resources should be disposed; otherwise, false.</param>
        </member>
        <member name="M:Bunifu.Framework.UI.BunifuDragControl.InitializeComponent">
            <summary>
            Required method for Designer support - do not modify
            the contents of this method with the code editor.
            </summary>
        </member>
        <member name="T:Bunifu.Framework.UI.BunifuDropdown">
            <summary>
            Class BunifuDropdown.
            </summary>
            <seealso cref="T:System.Windows.Forms.UserControl" />
        </member>
        <member name="M:Bunifu.Framework.UI.BunifuDropdown.#ctor">
            <summary>
            Initializes a new instance of the <see cref="T:Bunifu.Framework.UI.BunifuDropdown" /> class.
            </summary>
        </member>
        <member name="M:Bunifu.Framework.UI.BunifuDropdown.AddItem(System.String)">
            <summary>
            Adds the item.
            </summary>
            <param name="Item">The item.</param>
        </member>
        <member name="M:Bunifu.Framework.UI.BunifuDropdown.RemoveItem(System.String)">
            <summary>
            Removes the item.
            </summary>
            <param name="Item">The item.</param>
        </member>
        <member name="M:Bunifu.Framework.UI.BunifuDropdown.SelectedItem(System.String)">
            <summary>
            Selecteds the item.
            </summary>
            <param name="Item">The item.</param>
        </member>
        <member name="M:Bunifu.Framework.UI.BunifuDropdown.RemoveAt(System.Int32)">
            <summary>
            Removes at specified index
            </summary>
            <param name="index">The index.</param>
        </member>
        <member name="F:Bunifu.Framework.UI.BunifuDropdown._BorderRadius">
            <summary>
            The border radius
            </summary>
        </member>
        <member name="P:Bunifu.Framework.UI.BunifuDropdown.BorderRadius">
            <summary>
            Gets or sets the border radius.
            </summary>
            <value>The border radius.</value>
        </member>
        <member name="E:Bunifu.Framework.UI.BunifuDropdown.onItemSelected">
            <summary>
            Occurs when [on value selected].
            </summary>
        </member>
        <member name="E:Bunifu.Framework.UI.BunifuDropdown.onItemAdded">
            <summary>
            Occurs when [on value added].
            </summary>
        </member>
        <member name="E:Bunifu.Framework.UI.BunifuDropdown.onItemRemoved">
            <summary>
            Occurs when [on value removed].
            </summary>
        </member>
        <member name="P:Bunifu.Framework.UI.BunifuDropdown.selectedIndex">
            <summary>
            Gets or sets the index of the selected.
            </summary>
            <value>The index of the selected.</value>
            <exception cref="T:System.Exception">Out of index</exception>
        </member>
        <member name="P:Bunifu.Framework.UI.BunifuDropdown.selectedValue">
            <summary>
            Gets the selected value.
            </summary>
            <value>The selected value.</value>
        </member>
        <member name="P:Bunifu.Framework.UI.BunifuDropdown.Items">
            <summary>
            Gets or sets the items.
            </summary>
            <value>The items.</value>
            
        </member>
        <member name="P:Bunifu.Framework.UI.BunifuDropdown.items">
            <summary>
            Gets or sets the items.
            </summary>
            <value>The items.</value>
        </member>
        <member name="M:Bunifu.Framework.UI.BunifuDropdown.Clear">
            <summary>
            Clears this instance.
            </summary>
        </member>
        <member name="P:Bunifu.Framework.UI.BunifuDropdown.onHoverColor">
            <summary>
            Gets or sets the color of the on hover.
            </summary>
            <value>The color of the on hover.</value>
        </member>
        <member name="P:Bunifu.Framework.UI.BunifuDropdown.NomalColor">
            <summary>
            Gets or sets the color of the nomal.
            </summary>
            <value>The color of the nomal.</value>
        </member>
        <member name="M:Bunifu.Framework.UI.BunifuDropdown.BunifuDropdown_Resize(System.Object,System.EventArgs)">
            <summary>
            Handles the Resize event of the BunifuDropdown control.
            </summary>
            <param name="sender">The source of the event.</param>
            <param name="e">The <see cref="T:System.EventArgs"/> instance containing the event data.</param>
        </member>
        <member name="M:Bunifu.Framework.UI.BunifuDropdown.Style_onClick(System.Object,System.EventArgs)">
            <summary>
            Handles the onClick event of the Style control.
            </summary>
            <param name="sender">The source of the event.</param>
            <param name="e">The <see cref="T:System.EventArgs"/> instance containing the event data.</param>
        </member>
        <member name="M:Bunifu.Framework.UI.BunifuDropdown.BunifuDropdown_FontChanged(System.Object,System.EventArgs)">
            <summary>
            Handles the FontChanged event of the BunifuDropdown control.
            </summary>
            <param name="sender">The source of the event.</param>
            <param name="e">The <see cref="T:System.EventArgs"/> instance containing the event data.</param>
        </member>
        <member name="M:Bunifu.Framework.UI.BunifuDropdown.BunifuDropdown_ForeColorChanged(System.Object,System.EventArgs)">
            <summary>
            Handles the ForeColorChanged event of the BunifuDropdown control.
            </summary>
            <param name="sender">The source of the event.</param>
            <param name="e">The <see cref="T:System.EventArgs"/> instance containing the event data.</param>
        </member>
        <member name="M:Bunifu.Framework.UI.BunifuDropdown.Collections_SelectedIndexChanged(System.Object,System.EventArgs)">
            <summary>
            Handles the SelectedIndexChanged event of the Collections control.
            </summary>
            <param name="sender">The source of the event.</param>
            <param name="e">The <see cref="T:System.EventArgs"/> instance containing the event data.</param>
        </member>
        <member name="M:Bunifu.Framework.UI.BunifuDropdown.Collections_SelectionChangeCommitted(System.Object,System.EventArgs)">
            <summary>
            Handles the SelectionChangeCommitted event of the Collections control.
            </summary>
            <param name="sender">The source of the event.</param>
            <param name="e">The <see cref="T:System.EventArgs"/> instance containing the event data.</param>
        </member>
        <member name="M:Bunifu.Framework.UI.BunifuDropdown.BunifuDropdown_Load(System.Object,System.EventArgs)">
            <summary>
            Handles the Load event of the BunifuDropdown control.
            </summary>
            <param name="sender">The source of the event.</param>
            <param name="e">The <see cref="T:System.EventArgs"/> instance containing the event data.</param>
        </member>
        <member name="P:Bunifu.Framework.UI.BunifuDropdown.Enabled">
            <summary>
            Gets or sets a value indicating whether the control can respond to user interaction.
            </summary>
            <value><c>true</c> if enabled; otherwise, <c>false</c>.</value>
            <PermissionSet>
              <IPermission class="System.Security.Permissions.EnvironmentPermission, mscorlib, Version=2.0.3600.0, Culture=neutral, PublicKeyToken=b77a5c561934e089" version="1" Unrestricted="true" />
              <IPermission class="System.Security.Permissions.FileIOPermission, mscorlib, Version=2.0.3600.0, Culture=neutral, PublicKeyToken=b77a5c561934e089" version="1" Unrestricted="true" />
              <IPermission class="System.Security.Permissions.SecurityPermission, mscorlib, Version=2.0.3600.0, Culture=neutral, PublicKeyToken=b77a5c561934e089" version="1" Flags="UnmanagedCode, ControlEvidence" />
              <IPermission class="System.Diagnostics.PerformanceCounterPermission, System, Version=2.0.3600.0, Culture=neutral, PublicKeyToken=b77a5c561934e089" version="1" Unrestricted="true" />
            </PermissionSet>
        </member>
        <member name="F:Bunifu.Framework.UI.BunifuDropdown._enabled">
            <summary>
            The enabled
            </summary>
        </member>
        <member name="P:Bunifu.Framework.UI.BunifuDropdown.DisabledColor">
            <summary>
            Gets or sets the color of the disabled.
            </summary>
            <value>The color of the disabled.</value>
        </member>
        <member name="F:Bunifu.Framework.UI.BunifuDropdown.components">
            <summary>    
            Required designer variable.
            </summary>
        </member>
        <member name="M:Bunifu.Framework.UI.BunifuDropdown.Dispose(System.Boolean)">
            <summary> 
            Clean up any resources being used.
            </summary>
            <param name="disposing">true if managed resources should be disposed; otherwise, false.</param>
        </member>
        <member name="M:Bunifu.Framework.UI.BunifuDropdown.InitializeComponent">
            <summary> 
            Required method for Designer support - do not modify 
            the contents of this method with the code editor.
            </summary>
        </member>
        <member name="P:Bunifu.Framework.UI.BunifuFlatButton.ButtonText">
            <summary>
            Gets or sets the button text. (Depricated)
            </summary>
            <value>
            The button text.
            </value>
            
        </member>
        <member name="P:Bunifu.Framework.UI.BunifuFlatButton.Text">
            <summary>
            Gets or sets the value.
            </summary>
            <value>
            The value.
            </value>
        </member>
        <member name="P:Bunifu.Framework.UI.BunifuFlatButton.Enabled">
            <summary>
            Gets or sets a value indicating whether the control can respond to user interaction.
            </summary>
            <PermissionSet>
              <IPermission class="System.Security.Permissions.EnvironmentPermission, mscorlib, Version=2.0.3600.0, Culture=neutral, PublicKeyToken=b77a5c561934e089" version="1" Unrestricted="true" />
              <IPermission class="System.Security.Permissions.FileIOPermission, mscorlib, Version=2.0.3600.0, Culture=neutral, PublicKeyToken=b77a5c561934e089" version="1" Unrestricted="true" />
              <IPermission class="System.Security.Permissions.SecurityPermission, mscorlib, Version=2.0.3600.0, Culture=neutral, PublicKeyToken=b77a5c561934e089" version="1" Flags="UnmanagedCode, ControlEvidence" />
              <IPermission class="System.Diagnostics.PerformanceCounterPermission, System, Version=2.0.3600.0, Culture=neutral, PublicKeyToken=b77a5c561934e089" version="1" Unrestricted="true" />
            </PermissionSet>
        </member>
        <member name="P:Bunifu.Framework.UI.BunifuFlatButton.DisabledColor">
            <summary>
            Gets or sets the color of the disabled.
            </summary>
            <value>
            The color of the disabled.
            </value>
        </member>
        <member name="P:Bunifu.Framework.UI.BunifuFlatButton.TextAlign">
            <summary>
            Gets or sets the text align.
            </summary>
            <value>
            The text align.
            </value>
            
        </member>
        <member name="P:Bunifu.Framework.UI.BunifuFlatButton.BorderRadius">
            <summary>
            Gets or sets the border radius.
            </summary>
            <value>
            The border radius.
            </value>
        </member>
        <member name="P:Bunifu.Framework.UI.BunifuFlatButton.Iconcolor">
            <summary>
            Gets or sets the iconcolor.
            </summary>
            <value>
            The iconcolor.
            </value>
        </member>
        <member name="P:Bunifu.Framework.UI.BunifuFlatButton.IsTab">
            <summary>
            Gets or sets a value indicating whether this instance is tab.
            </summary>
            <value>
              <c>true</c> if this instance is tab; otherwise, <c>false</c>.
            </value>
        </member>
        <member name="P:Bunifu.Framework.UI.BunifuFlatButton.Iconimage">
            <summary>
            Gets or sets the iconimage.
            </summary>
            <value>
            The iconimage.
            </value>
        </member>
        <member name="P:Bunifu.Framework.UI.BunifuFlatButton.IconVisible">
            <summary>
            Gets or sets a value indicating whether [icon visible].
            </summary>
            <value>
              <c>true</c> if [icon visible]; otherwise, <c>false</c>.
            </value>
        </member>
        <member name="P:Bunifu.Framework.UI.BunifuFlatButton.IconMarginLeft">
            <summary>
            Gets or sets the icon margin left.
            </summary>
            <value>
            The icon margin left.
            </value>
        </member>
        <member name="P:Bunifu.Framework.UI.BunifuFlatButton.IconMarginRight">
            <summary>
            Gets or sets the icon margin right.
            </summary>
            <value>
            The icon margin right.
            </value>
        </member>
        <member name="P:Bunifu.Framework.UI.BunifuFlatButton.Iconimage_Selected">
            <summary>
            Gets or sets the iconimage_ selected.
            </summary>
            <value>
            The iconimage_ selected.
            </value>
        </member>
        <member name="P:Bunifu.Framework.UI.BunifuFlatButton.Iconimage_right">
            <summary>
            Gets or sets the right. iconimage
            </summary>
            <value>
            The iconimage_right.
            </value>
        </member>
        <member name="P:Bunifu.Framework.UI.BunifuFlatButton.Iconimage_right_Selected">
            <summary>
            Gets or sets the iconimage_right_ selected.
            </summary>
            <value>
            The iconimage_right_ selected.
            </value>
        </member>
        <member name="P:Bunifu.Framework.UI.BunifuFlatButton.TextFont">
            <summary>
             Button text font
            </summary>
        </member>
        <member name="P:Bunifu.Framework.UI.BunifuFlatButton.Textcolor">
            <summary>
             The color of the button text
            </summary>
        </member>
        <member name="P:Bunifu.Framework.UI.BunifuFlatButton.Normalcolor">
            <summary>
             Button color on Normal/Idle state
            </summary>
        </member>
        <member name="F:Bunifu.Framework.UI.BunifuFlatButton._zoom">
            <summary>
             Button color on Normal/Idle state
            </summary>
            
        </member>
        <member name="P:Bunifu.Framework.UI.BunifuFlatButton.IconZoom">
            <summary>
            Gets or sets the icon zoom.
            </summary>
            <value>
            The icon zoom.
            </value>
        </member>
        <member name="P:Bunifu.Framework.UI.BunifuFlatButton.IconRightZoom">
            <summary>
            Gets or sets the icon right zoom.
            </summary>
            <value>
            The icon right zoom.
            </value>
        </member>
        <member name="P:Bunifu.Framework.UI.BunifuFlatButton.OnHovercolor">
            <summary>
             Button color on hover state
            </summary>
        </member>
        <member name="P:Bunifu.Framework.UI.BunifuFlatButton.Activecolor">
            <summary>
              Button color on active state (When used as tabs).
            </summary>
        </member>
        <member name="P:Bunifu.Framework.UI.BunifuFlatButton.Active">
            <summary>
            Gets or sets a value indicating whether this <see cref="T:Bunifu.Framework.UI.BunifuFlatButton"/> is active.
            </summary>
            <value><c>true</c> if active; otherwise, <c>false</c>.</value>
        </member>
        <member name="P:Bunifu.Framework.UI.BunifuFlatButton.selected">
            <summary>
              Selects th button to actidve/Not active
            </summary> 
        </member>
        <member name="P:Bunifu.Framework.UI.BunifuFlatButton.OnHoverTextColor">
            <summary>
              Button text color on hover
            </summary>
        </member>
        <member name="M:Bunifu.Framework.UI.BunifuFlatButton.#ctor">
            <summary>
            Initializes a new instance of the <see cref="T:Bunifu.Framework.UI.BunifuFlatButton"/> class.
            </summary>
        </member>
        <member name="F:Bunifu.Framework.UI.BunifuFlatButton.components">
            <summary> 
            Required designer variable.
            </summary>
        </member>
        <member name="M:Bunifu.Framework.UI.BunifuFlatButton.Dispose(System.Boolean)">
            <summary> 
            Clean up any resources being used.
            </summary>
            <param name="disposing">true if managed resources should be disposed; otherwise, false.</param>
        </member>
        <member name="M:Bunifu.Framework.UI.BunifuFlatButton.InitializeComponent">
            <summary> 
            Required method for Designer support - do not modify 
            the contents of this method with the code editor.
            </summary>
        </member>
        <member name="P:Bunifu.Framework.UI.BunifuGauge.ProgressColor1">
            <summary>
            Gets or sets the progress color1.
            </summary>
            <value>
            The progress color1.
            </value>
        </member>
        <member name="P:Bunifu.Framework.UI.BunifuGauge.ProgressBgColor">
            <summary>
            Gets or sets the color of the progress bg.
            </summary>
            <value>
            The color of the progress bg.
            </value>
        </member>
        <member name="P:Bunifu.Framework.UI.BunifuGauge.Value">
            <summary>
            Gets or sets the value.
            </summary>
            <value>
            The value.
            </value>
        </member>
        <member name="P:Bunifu.Framework.UI.BunifuGauge.Thickness">
            <summary>
            Gets or sets the thickness.
            </summary>
            <value>
            The thickness.
            </value>
        </member>
        <member name="M:Bunifu.Framework.UI.BunifuGauge.PlotProgrss(System.Int32)">
            <summary>
            Plots the progrss.
            </summary>
            <param name="progress">The progress.</param>
        </member>
        <member name="F:Bunifu.Framework.UI.BunifuGauge.components">
            <summary> 
            Required designer variable.
            </summary>
        </member>
        <member name="M:Bunifu.Framework.UI.BunifuGauge.Dispose(System.Boolean)">
            <summary> 
            Clean up any resources being used.
            </summary>
            <param name="disposing">true if managed resources should be disposed; otherwise, false.</param>
        </member>
        <member name="M:Bunifu.Framework.UI.BunifuGauge.InitializeComponent">
            <summary> 
            Required method for Designer support - do not modify 
            the contents of this method with the code editor.
            </summary>
        </member>
        <member name="E:Bunifu.Framework.UI.BunifuiOSSwitch.OnValueChange">
            <summary>
            Occurs when [on value change].
            </summary>
        </member>
        <member name="P:Bunifu.Framework.UI.BunifuiOSSwitch.OnColor">
            <summary>
            Gets or sets the color of the on.
            </summary>
            <value>
            The color of the on.
            </value>
            
        </member>
        <member name="P:Bunifu.Framework.UI.BunifuiOSSwitch.OffColor">
            <summary>
            Gets or sets the color of the off.
            </summary>
            <value>
            The color of the off.
            </value>
        </member>
        <member name="F:Bunifu.Framework.UI.BunifuiOSSwitch.components">
            <summary> 
            Required designer variable.
            </summary>
        </member>
        <member name="M:Bunifu.Framework.UI.BunifuiOSSwitch.Dispose(System.Boolean)">
            <summary> 
            Clean up any resources being used.
            </summary>
            <param name="disposing">true if managed resources should be disposed; otherwise, false.</param>
        </member>
        <member name="M:Bunifu.Framework.UI.BunifuiOSSwitch.InitializeComponent">
            <summary> 
            Required method for Designer support - do not modify 
            the contents of this method with the code editor.
            </summary>
        </member>
        <member name="T:Bunifu.Framework.UI.BunifuMaterialTextbox">
            <summary>
            Class BunifuMaterialTextbox.
            </summary>
            <seealso cref="T:System.Windows.Forms.UserControl" />
        </member>
        <member name="M:Bunifu.Framework.UI.BunifuMaterialTextbox.#ctor">
            <summary>
            Initializes a new instance of the <see cref="T:Bunifu.Framework.UI.BunifuMaterialTextbox"/> class.
            </summary>
        </member>
        <member name="P:Bunifu.Framework.UI.BunifuMaterialTextbox.LineThickness">
            <summary>
            Gets or sets the line thickness.
            </summary>
            <value>The line thickness.</value>
            <exception cref="T:System.Exception">Value shoud be grater than 0</exception>
        </member>
        <member name="F:Bunifu.Framework.UI.BunifuMaterialTextbox._lineColor">
            <summary>
            Gets or sets the color of the border.
            </summary>
            <value>
            The color of the border.
            </value>
        </member>
        <member name="P:Bunifu.Framework.UI.BunifuMaterialTextbox.LineIdleColor">
            <summary>
            Gets or sets the color of the line idle.
            </summary>
            <value>The color of the line idle.</value>
        </member>
        <member name="F:Bunifu.Framework.UI.BunifuMaterialTextbox.linefocusColor">
            <summary>
            The linefocus color
            </summary>
        </member>
        <member name="P:Bunifu.Framework.UI.BunifuMaterialTextbox.LineMouseHoverColor">
            <summary>
            Gets or sets the color of the border focus.
            </summary>
            <value>The color of the border focus.</value>
        </member>
        <member name="F:Bunifu.Framework.UI.BunifuMaterialTextbox.lineAciveColor">
            <summary>
            The line acive color
            </summary>
        </member>
        <member name="P:Bunifu.Framework.UI.BunifuMaterialTextbox.LineFocusedColor">
            <summary>
            Gets or sets the color of the line active.
            </summary>
            <value>The color of the line active.</value>
        </member>
        <member name="M:Bunifu.Framework.UI.BunifuMaterialTextbox.BunifuMetroTextbox_Resize(System.Object,System.EventArgs)">
            <summary>
            Handles the Resize event of the BunifuMetroTextbox control.
            </summary>
            <param name="sender">The source of the event.</param>
            <param name="e">The <see cref="T:System.EventArgs"/> instance containing the event data.</param>
        </member>
        <member name="M:Bunifu.Framework.UI.BunifuMaterialTextbox.Refresh">
            <summary>
            Forces the control to invalidate its client area and immediately redraw itself and any child controls.
            </summary>
            <PermissionSet>
              <IPermission class="System.Security.Permissions.EnvironmentPermission, mscorlib, Version=2.0.3600.0, Culture=neutral, PublicKeyToken=b77a5c561934e089" version="1" Unrestricted="true" />
              <IPermission class="System.Security.Permissions.FileIOPermission, mscorlib, Version=2.0.3600.0, Culture=neutral, PublicKeyToken=b77a5c561934e089" version="1" Unrestricted="true" />
              <IPermission class="System.Security.Permissions.SecurityPermission, mscorlib, Version=2.0.3600.0, Culture=neutral, PublicKeyToken=b77a5c561934e089" version="1" Flags="UnmanagedCode, ControlEvidence" />
              <IPermission class="System.Diagnostics.PerformanceCounterPermission, System, Version=2.0.3600.0, Culture=neutral, PublicKeyToken=b77a5c561934e089" version="1" Unrestricted="true" />
            </PermissionSet>
        </member>
        <member name="F:Bunifu.Framework.UI.BunifuMaterialTextbox._hcol">
            <summary>
            The hcol
            </summary>
        </member>
        <member name="F:Bunifu.Framework.UI.BunifuMaterialTextbox._htext">
            <summary>
            The htext
            </summary>
        </member>
        <member name="P:Bunifu.Framework.UI.BunifuMaterialTextbox.HintForeColor">
            <summary>
            Gets or sets the color of the hint fore.
            </summary>
            <value>The color of the hint fore.</value>
        </member>
        <member name="P:Bunifu.Framework.UI.BunifuMaterialTextbox.HintText">
            <summary>
            Gets or sets the hint text.
            </summary>
            <value>The hint text.</value>
        </member>
        <member name="M:Bunifu.Framework.UI.BunifuMaterialTextbox.textBox1_TextChanged(System.Object,System.EventArgs)">
            <summary>
            Handles the TextChanged event of the textBox1 control.
            </summary>
            <param name="sender">The source of the event.</param>
            <param name="e">The <see cref="T:System.EventArgs"/> instance containing the event data.</param>
        </member>
        <member name="M:Bunifu.Framework.UI.BunifuMaterialTextbox.BunifuMetroTextbox_BackColorChanged(System.Object,System.EventArgs)">
            <summary>
            Handles the BackColorChanged event of the BunifuMetroTextbox control.
            </summary>
            <param name="sender">The source of the event.</param>
            <param name="e">The <see cref="T:System.EventArgs"/> instance containing the event data.</param>
        </member>
        <member name="M:Bunifu.Framework.UI.BunifuMaterialTextbox.BunifuMetroTextbox_FontChanged(System.Object,System.EventArgs)">
            <summary>
            Handles the FontChanged event of the BunifuMetroTextbox control.
            </summary>
            <param name="sender">The source of the event.</param>
            <param name="e">The <see cref="T:System.EventArgs"/> instance containing the event data.</param>
        </member>
        <member name="M:Bunifu.Framework.UI.BunifuMaterialTextbox.BunifuMetroTextbox_ForeColorChanged(System.Object,System.EventArgs)">
            <summary>
            Handles the ForeColorChanged event of the BunifuMetroTextbox control.
            </summary>
            <param name="sender">The source of the event.</param>
            <param name="e">The <see cref="T:System.EventArgs"/> instance containing the event data.</param>
        </member>
        <member name="P:Bunifu.Framework.UI.BunifuMaterialTextbox.Text">
            <summary>
            Gets or sets the value.
            </summary>
            <value>The value.</value>
        </member>
        <member name="P:Bunifu.Framework.UI.BunifuMaterialTextbox.TextAlign">
            <summary>
            Gets or sets the text align.
            </summary>
            <value>The text align.</value>
        </member>
        <member name="E:Bunifu.Framework.UI.BunifuMaterialTextbox.OnValueChanged">
            <summary>
            Occurs when [on value changed].
            </summary>
        </member>
        <member name="P:Bunifu.Framework.UI.BunifuMaterialTextbox.isPassword">
            <summary>
            Gets or sets a value indicating whether this instance is password.
            </summary>
            <value><c>true</c> if this instance is password; otherwise, <c>false</c>.</value>
        </member>
        <member name="M:Bunifu.Framework.UI.BunifuMaterialTextbox.textBox1_KeyDown(System.Object,System.Windows.Forms.KeyEventArgs)">
            <summary>
            Handles the KeyDown event of the textBox1 control.
            </summary>
            <param name="sender">The source of the event.</param>
            <param name="e">The <see cref="T:System.Windows.Forms.KeyEventArgs"/> instance containing the event data.</param>
        </member>
        <member name="M:Bunifu.Framework.UI.BunifuMaterialTextbox.textBox1_KeyPress(System.Object,System.Windows.Forms.KeyPressEventArgs)">
            <summary>
            Handles the KeyPress event of the textBox1 control.
            </summary>
            <param name="sender">The source of the event.</param>
            <param name="e">The <see cref="T:System.Windows.Forms.KeyPressEventArgs"/> instance containing the event data.</param>
        </member>
        <member name="M:Bunifu.Framework.UI.BunifuMaterialTextbox.textBox1_KeyUp(System.Object,System.Windows.Forms.KeyEventArgs)">
            <summary>
            Handles the KeyUp event of the textBox1 control.
            </summary>
            <param name="sender">The source of the event.</param>
            <param name="e">The <see cref="T:System.Windows.Forms.KeyEventArgs"/> instance containing the event data.</param>
        </member>
        <member name="M:Bunifu.Framework.UI.BunifuMaterialTextbox.textBox1_MouseEnter(System.Object,System.EventArgs)">
            <summary>
            Handles the MouseEnter event of the textBox1 control.
            </summary>
            <param name="sender">The source of the event.</param>
            <param name="e">The <see cref="T:System.EventArgs"/> instance containing the event data.</param>
        </member>
        <member name="M:Bunifu.Framework.UI.BunifuMaterialTextbox.textBox1_MouseLeave(System.Object,System.EventArgs)">
            <summary>
            Handles the MouseLeave event of the textBox1 control.
            </summary>
            <param name="sender">The source of the event.</param>
            <param name="e">The <see cref="T:System.EventArgs"/> instance containing the event data.</param>
        </member>
        <member name="M:Bunifu.Framework.UI.BunifuMaterialTextbox.BunifuMetroTextbox_Click(System.Object,System.EventArgs)">
            <summary>
            Handles the Click event of the BunifuMetroTextbox control.
            </summary>
            <param name="sender">The source of the event.</param>
            <param name="e">The <see cref="T:System.EventArgs"/> instance containing the event data.</param>
        </member>
        <member name="F:Bunifu.Framework.UI.BunifuMaterialTextbox.Active">
            <summary>
            The active
            </summary>
        </member>
        <member name="M:Bunifu.Framework.UI.BunifuMaterialTextbox.BunifuMetroTextbox_MouseEnter(System.Object,System.EventArgs)">
            <summary>
            Handles the MouseEnter event of the BunifuMetroTextbox control.
            </summary>
            <param name="sender">The source of the event.</param>
            <param name="e">The <see cref="T:System.EventArgs"/> instance containing the event data.</param>
        </member>
        <member name="M:Bunifu.Framework.UI.BunifuMaterialTextbox.BunifuMetroTextbox_MouseLeave(System.Object,System.EventArgs)">
            <summary>
            Handles the MouseLeave event of the BunifuMetroTextbox control.
            </summary>
            <param name="sender">The source of the event.</param>
            <param name="e">The <see cref="T:System.EventArgs"/> instance containing the event data.</param>
        </member>
        <member name="P:Bunifu.Framework.UI.BunifuMaterialTextbox.characterCasing">
            <summary>
            Gets or sets the character casing.
            </summary>
            <value>The character casing.</value>
        </member>
        <member name="P:Bunifu.Framework.UI.BunifuMaterialTextbox.MaxLength">
            <summary>
            Gets or sets the maximum length.
            </summary>
            <value>The maximum length.</value>
        </member>
        <member name="M:Bunifu.Framework.UI.BunifuMaterialTextbox.BunifuMetroTextbox_ParentChanged(System.Object,System.EventArgs)">
            <summary>
            Handles the ParentChanged event of the BunifuMetroTextbox control.
            </summary>
            <param name="sender">The source of the event.</param>
            <param name="e">The <see cref="T:System.EventArgs"/> instance containing the event data.</param>
        </member>
        <member name="P:Bunifu.Framework.UI.BunifuMaterialTextbox.isOnFocused">
            <summary>
            Gets a value indicating whether this instance is on focused.
            </summary>
            <value><c>true</c> if this instance is on focused; otherwise, <c>false</c>.</value>
        </member>
        <member name="M:Bunifu.Framework.UI.BunifuMaterialTextbox.textBox1_Click(System.Object,System.EventArgs)">
            <summary>
            Handles the Click event of the textBox1 control.
            </summary>
            <param name="sender">The source of the event.</param>
            <param name="e">The <see cref="T:System.EventArgs"/> instance containing the event data.</param>
        </member>
        <member name="M:Bunifu.Framework.UI.BunifuMaterialTextbox.checkfocus_Tick(System.Object,System.EventArgs)">
            <summary>
            Handles the Tick event of the checkfocus control.
            </summary>
            <param name="sender">The source of the event.</param>
            <param name="e">The <see cref="T:System.EventArgs"/> instance containing the event data.</param>
        </member>
        <member name="P:Bunifu.Framework.UI.BunifuMaterialTextbox.AutoCompleteSource">
            <summary>
            Gets or sets the automatic complete source.
            </summary>
            <value>The automatic complete source.</value>
        </member>
        <member name="P:Bunifu.Framework.UI.BunifuMaterialTextbox.AutoCompleteMode">
            <summary>
            Gets or sets the automatic complete mode.
            </summary>
            <value>The automatic complete mode.</value>
        </member>
        <member name="P:Bunifu.Framework.UI.BunifuMaterialTextbox.AutoCompleteCustomSource">
            <summary>
            Gets or sets the automatic complete custom source.
            </summary>
            <value>The automatic complete custom source.</value>
        </member>
        <member name="M:Bunifu.Framework.UI.BunifuMaterialTextbox.GetFocus">
            <summary>
            Gets the focus.
            </summary>
            <returns><c>true</c> if XXXX, <c>false</c> otherwise.</returns>
        </member>
        <member name="M:Bunifu.Framework.UI.Bun